{
  "count": 2,
  "value": [
    {
      "id": 237,
      "rev": 1,
      "fields": {
        "System.AreaPath": "test",
        "System.TeamProject": "test",
        "System.IterationPath": "$ProjectName$\\Sprint 2",
        "System.WorkItemType": "Product Backlog Item",
        "System.State": "New",
        "System.Reason": "Moved to the backlog",
        "System.CreatedDate": "2022-03-17T10:13:25.62Z",
        "System.CreatedBy": "Kyokutou In <msworkadmin@msworkdomain.onmicrosoft.com>",
        "System.ChangedDate": "2022-03-17T10:13:25.62Z",
        "System.ChangedBy": "Kyokutou In <msworkadmin@msworkdomain.onmicrosoft.com>",
        "System.Title": "Sign-in with O365",
        "Microsoft.VSTS.Scheduling.Effort": 35.0,
        "System.Description": "Need description.",
        "System.AssignedTo": null,
        "Microsoft.VSTS.Scheduling.RemainingWork": 0.0,
        "Microsoft.VSTS.Common.Priority": 2.0,
        "System.BoardLane": null,
        "System.Tags": "Admin; Doctor",
        "Microsoft.VSTS.TCM.Steps": null,
        "Microsoft.VSTS.TCM.Parameters": null,
        "Microsoft.VSTS.TCM.LocalDataSource": null,
        "Microsoft.VSTS.TCM.AutomationStatus": null,
        "System.History": null
      },
      "relations": null,
      "url": "https://dev.azure.com/handson-lab/_apis/wit/workItems/237"
    },
    {
      "id": 245,
      "rev": 1,
      "fields": {
        "System.AreaPath": "test",
        "System.TeamProject": "test",
        "System.IterationPath": "$ProjectName$\\Sprint 1",
        "System.WorkItemType": "Product Backlog Item",
        "System.State": "Done",
        "System.Reason": "Work finished",
        "System.CreatedDate": "2022-03-17T10:13:29.31Z",
        "System.CreatedBy": "Kyokutou In <msworkadmin@msworkdomain.onmicrosoft.com>",
        "System.ChangedDate": "2022-03-17T10:13:29.31Z",
        "System.ChangedBy": "Kyokutou In <msworkadmin@msworkdomain.onmicrosoft.com>",
        "System.Title": "Create recurring appointment",
        "Microsoft.VSTS.Scheduling.Effort": 25.0,
        "System.Description": "We need to be able to crate new appointments for the clinic",
        "System.AssignedTo": "Kyokutou In <msworkadmin@msworkdomain.onmicrosoft.com>",
        "Microsoft.VSTS.Scheduling.RemainingWork": 0.0,
        "Microsoft.VSTS.Common.Priority": 1.0,
        "System.BoardLane": null,
        "System.Tags": null,
        "Microsoft.VSTS.TCM.Steps": null,
        "Microsoft.VSTS.TCM.Parameters": null,
        "Microsoft.VSTS.TCM.LocalDataSource": null,
        "Microsoft.VSTS.TCM.AutomationStatus": null,
        "System.History": null
      },
      "relations": null,
      "url": "https://dev.azure.com/handson-lab/_apis/wit/workItems/245"
    }
  ],
  "HttpStatusCode": 0,
  "Message": null
}