{
  "count": 1,
  "value": [
    {
      "id": 318,
      "rev": 1,
      "fields": {
        "System.AreaPath": "make",
        "System.TeamProject": "make",
        "System.IterationPath": "$ProjectName$\\Sprint 1",
        "System.WorkItemType": "Product Backlog Item",
        "System.State": "Done",
        "System.Reason": "Work finished",
        "System.CreatedDate": "2022-03-17T11:29:58.713Z",
        "System.CreatedBy": "Kyokutou In <msworkadmin@msworkdomain.onmicrosoft.com>",
        "System.ChangedDate": "2022-03-17T11:29:58.713Z",
        "System.ChangedBy": "Kyokutou In <msworkadmin@msworkdomain.onmicrosoft.com>",
        "System.Title": "Create recurring appointment",
        "Microsoft.VSTS.Scheduling.Effort": 25.0,
        "System.Description": "We need to be able to crate new appointments for the clinic",
        "System.AssignedTo": "Kyokutou In <msworkadmin@msworkdomain.onmicrosoft.com>",
        "Microsoft.VSTS.Scheduling.RemainingWork": 0.0,
        "Microsoft.VSTS.Common.Priority": 1.0,
        "System.BoardLane": null,
        "System.Tags": null,
        "Microsoft.VSTS.TCM.Steps": null,
        "Microsoft.VSTS.TCM.Parameters": null,
        "Microsoft.VSTS.TCM.LocalDataSource": null,
        "Microsoft.VSTS.TCM.AutomationStatus": null,
        "System.History": null
      },
      "relations": null,
      "url": "https://dev.azure.com/handson-lab/_apis/wit/workItems/318"
    }
  ],
  "HttpStatusCode": 0,
  "Message": null
}