{
  "count": 8,
  "value": [
    {
      "id": 358,
      "rev": 1,
      "fields": {
        "System.AreaPath": "make",
        "System.TeamProject": "make",
        "System.IterationPath": "make",
        "System.WorkItemType": "Task",
        "System.State": "Done",
        "System.Reason": "Work finished",
        "System.CreatedDate": "2022-03-17T11:30:13.14Z",
        "System.CreatedBy": "Kyokutou In <msworkadmin@msworkdomain.onmicrosoft.com>",
        "System.ChangedDate": "2022-03-17T11:30:13.14Z",
        "System.ChangedBy": "Kyokutou In <msworkadmin@msworkdomain.onmicrosoft.com>",
        "System.Title": "Update settings for reminders",
        "Microsoft.VSTS.Scheduling.Effort": 0.0,
        "System.Description": "Update settings for reminders",
        "System.AssignedTo": "Kyokutou In <msworkadmin@msworkdomain.onmicrosoft.com>",
        "Microsoft.VSTS.Scheduling.RemainingWork": 0.0,
        "Microsoft.VSTS.Common.Priority": 2.0,
        "System.BoardLane": null,
        "System.Tags": null,
        "Microsoft.VSTS.TCM.Steps": null,
        "Microsoft.VSTS.TCM.Parameters": null,
        "Microsoft.VSTS.TCM.LocalDataSource": null,
        "Microsoft.VSTS.TCM.AutomationStatus": null,
        "System.History": null
      },
      "relations": null,
      "url": "https://dev.azure.com/handson-lab/_apis/wit/workItems/358"
    },
    {
      "id": 359,
      "rev": 1,
      "fields": {
        "System.AreaPath": "make",
        "System.TeamProject": "make",
        "System.IterationPath": "$ProjectName$\\Sprint 1",
        "System.WorkItemType": "Task",
        "System.State": "Done",
        "System.Reason": "Work finished",
        "System.CreatedDate": "2022-03-17T11:30:13.443Z",
        "System.CreatedBy": "Kyokutou In <msworkadmin@msworkdomain.onmicrosoft.com>",
        "System.ChangedDate": "2022-03-17T11:30:13.443Z",
        "System.ChangedBy": "Kyokutou In <msworkadmin@msworkdomain.onmicrosoft.com>",
        "System.Title": "Display upcoming appointments",
        "Microsoft.VSTS.Scheduling.Effort": 0.0,
        "System.Description": "Display upcoming appointments",
        "System.AssignedTo": "Kyokutou In <msworkadmin@msworkdomain.onmicrosoft.com>",
        "Microsoft.VSTS.Scheduling.RemainingWork": 0.0,
        "Microsoft.VSTS.Common.Priority": 2.0,
        "System.BoardLane": null,
        "System.Tags": null,
        "Microsoft.VSTS.TCM.Steps": null,
        "Microsoft.VSTS.TCM.Parameters": null,
        "Microsoft.VSTS.TCM.LocalDataSource": null,
        "Microsoft.VSTS.TCM.AutomationStatus": null,
        "System.History": null
      },
      "relations": null,
      "url": "https://dev.azure.com/handson-lab/_apis/wit/workItems/359"
    },
    {
      "id": 360,
      "rev": 1,
      "fields": {
        "System.AreaPath": "make",
        "System.TeamProject": "make",
        "System.IterationPath": "$ProjectName$\\Sprint 1",
        "System.WorkItemType": "Task",
        "System.State": "Done",
        "System.Reason": "Work finished",
        "System.CreatedDate": "2022-03-17T11:30:14.31Z",
        "System.CreatedBy": "Kyokutou In <msworkadmin@msworkdomain.onmicrosoft.com>",
        "System.ChangedDate": "2022-03-17T11:30:14.31Z",
        "System.ChangedBy": "Kyokutou In <msworkadmin@msworkdomain.onmicrosoft.com>",
        "System.Title": "Design screen layout",
        "Microsoft.VSTS.Scheduling.Effort": 0.0,
        "System.Description": "Design screen layout",
        "System.AssignedTo": "Kyokutou In <msworkadmin@msworkdomain.onmicrosoft.com>",
        "Microsoft.VSTS.Scheduling.RemainingWork": 0.0,
        "Microsoft.VSTS.Common.Priority": 2.0,
        "System.BoardLane": null,
        "System.Tags": null,
        "Microsoft.VSTS.TCM.Steps": null,
        "Microsoft.VSTS.TCM.Parameters": null,
        "Microsoft.VSTS.TCM.LocalDataSource": null,
        "Microsoft.VSTS.TCM.AutomationStatus": null,
        "System.History": null
      },
      "relations": null,
      "url": "https://dev.azure.com/handson-lab/_apis/wit/workItems/360"
    },
    {
      "id": 361,
      "rev": 1,
      "fields": {
        "System.AreaPath": "make",
        "System.TeamProject": "make",
        "System.IterationPath": "$ProjectName$\\Sprint 1",
        "System.WorkItemType": "Task",
        "System.State": "Done",
        "System.Reason": "Work finished",
        "System.CreatedDate": "2022-03-17T11:30:14.68Z",
        "System.CreatedBy": "Kyokutou In <msworkadmin@msworkdomain.onmicrosoft.com>",
        "System.ChangedDate": "2022-03-17T11:30:14.68Z",
        "System.ChangedBy": "Kyokutou In <msworkadmin@msworkdomain.onmicrosoft.com>",
        "System.Title": "Cancel Appointment",
        "Microsoft.VSTS.Scheduling.Effort": 0.0,
        "System.Description": "Cancel Appointment",
        "System.AssignedTo": "Kyokutou In <msworkadmin@msworkdomain.onmicrosoft.com>",
        "Microsoft.VSTS.Scheduling.RemainingWork": 0.0,
        "Microsoft.VSTS.Common.Priority": 2.0,
        "System.BoardLane": null,
        "System.Tags": null,
        "Microsoft.VSTS.TCM.Steps": null,
        "Microsoft.VSTS.TCM.Parameters": null,
        "Microsoft.VSTS.TCM.LocalDataSource": null,
        "Microsoft.VSTS.TCM.AutomationStatus": null,
        "System.History": null
      },
      "relations": null,
      "url": "https://dev.azure.com/handson-lab/_apis/wit/workItems/361"
    },
    {
      "id": 362,
      "rev": 1,
      "fields": {
        "System.AreaPath": "make",
        "System.TeamProject": "make",
        "System.IterationPath": "$ProjectName$\\Sprint 1",
        "System.WorkItemType": "Task",
        "System.State": "Done",
        "System.Reason": "Work finished",
        "System.CreatedDate": "2022-03-17T11:30:14.963Z",
        "System.CreatedBy": "Kyokutou In <msworkadmin@msworkdomain.onmicrosoft.com>",
        "System.ChangedDate": "2022-03-17T11:30:14.963Z",
        "System.ChangedBy": "Kyokutou In <msworkadmin@msworkdomain.onmicrosoft.com>",
        "System.Title": "Update insurance provider details",
        "Microsoft.VSTS.Scheduling.Effort": 0.0,
        "System.Description": "Update insurance provider details",
        "System.AssignedTo": "Kyokutou In <msworkadmin@msworkdomain.onmicrosoft.com>",
        "Microsoft.VSTS.Scheduling.RemainingWork": 0.0,
        "Microsoft.VSTS.Common.Priority": 2.0,
        "System.BoardLane": null,
        "System.Tags": null,
        "Microsoft.VSTS.TCM.Steps": null,
        "Microsoft.VSTS.TCM.Parameters": null,
        "Microsoft.VSTS.TCM.LocalDataSource": null,
        "Microsoft.VSTS.TCM.AutomationStatus": null,
        "System.History": null
      },
      "relations": null,
      "url": "https://dev.azure.com/handson-lab/_apis/wit/workItems/362"
    },
    {
      "id": 363,
      "rev": 1,
      "fields": {
        "System.AreaPath": "make",
        "System.TeamProject": "make",
        "System.IterationPath": "$ProjectName$\\Sprint 1",
        "System.WorkItemType": "Task",
        "System.State": "Done",
        "System.Reason": "Work finished",
        "System.CreatedDate": "2022-03-17T11:30:15.777Z",
        "System.CreatedBy": "Kyokutou In <msworkadmin@msworkdomain.onmicrosoft.com>",
        "System.ChangedDate": "2022-03-17T11:30:15.777Z",
        "System.ChangedBy": "Kyokutou In <msworkadmin@msworkdomain.onmicrosoft.com>",
        "System.Title": "Update patient details",
        "Microsoft.VSTS.Scheduling.Effort": 0.0,
        "System.Description": "Update patient details",
        "System.AssignedTo": "Kyokutou In <msworkadmin@msworkdomain.onmicrosoft.com>",
        "Microsoft.VSTS.Scheduling.RemainingWork": 0.0,
        "Microsoft.VSTS.Common.Priority": 2.0,
        "System.BoardLane": null,
        "System.Tags": null,
        "Microsoft.VSTS.TCM.Steps": null,
        "Microsoft.VSTS.TCM.Parameters": null,
        "Microsoft.VSTS.TCM.LocalDataSource": null,
        "Microsoft.VSTS.TCM.AutomationStatus": null,
        "System.History": null
      },
      "relations": null,
      "url": "https://dev.azure.com/handson-lab/_apis/wit/workItems/363"
    },
    {
      "id": 364,
      "rev": 1,
      "fields": {
        "System.AreaPath": "make",
        "System.TeamProject": "make",
        "System.IterationPath": "$ProjectName$\\Sprint 1",
        "System.WorkItemType": "Task",
        "System.State": "Done",
        "System.Reason": "Work finished",
        "System.CreatedDate": "2022-03-17T11:30:16.06Z",
        "System.CreatedBy": "Kyokutou In <msworkadmin@msworkdomain.onmicrosoft.com>",
        "System.ChangedDate": "2022-03-17T11:30:16.06Z",
        "System.ChangedBy": "Kyokutou In <msworkadmin@msworkdomain.onmicrosoft.com>",
        "System.Title": "Add recurring option in new appointment",
        "Microsoft.VSTS.Scheduling.Effort": 0.0,
        "System.Description": "Form - New Appointment",
        "System.AssignedTo": "Kyokutou In <msworkadmin@msworkdomain.onmicrosoft.com>",
        "Microsoft.VSTS.Scheduling.RemainingWork": 0.0,
        "Microsoft.VSTS.Common.Priority": 2.0,
        "System.BoardLane": null,
        "System.Tags": null,
        "Microsoft.VSTS.TCM.Steps": null,
        "Microsoft.VSTS.TCM.Parameters": null,
        "Microsoft.VSTS.TCM.LocalDataSource": null,
        "Microsoft.VSTS.TCM.AutomationStatus": null,
        "System.History": null
      },
      "relations": null,
      "url": "https://dev.azure.com/handson-lab/_apis/wit/workItems/364"
    },
    {
      "id": 365,
      "rev": 1,
      "fields": {
        "System.AreaPath": "make",
        "System.TeamProject": "make",
        "System.IterationPath": "$ProjectName$\\Sprint 1",
        "System.WorkItemType": "Task",
        "System.State": "Done",
        "System.Reason": "Work finished",
        "System.CreatedDate": "2022-03-17T11:30:16.35Z",
        "System.CreatedBy": "Kyokutou In <msworkadmin@msworkdomain.onmicrosoft.com>",
        "System.ChangedDate": "2022-03-17T11:30:16.35Z",
        "System.ChangedBy": "Kyokutou In <msworkadmin@msworkdomain.onmicrosoft.com>",
        "System.Title": "Navigation menu update",
        "Microsoft.VSTS.Scheduling.Effort": 0.0,
        "System.Description": "Navigation menu update",
        "System.AssignedTo": "Kyokutou In <msworkadmin@msworkdomain.onmicrosoft.com>",
        "Microsoft.VSTS.Scheduling.RemainingWork": 0.0,
        "Microsoft.VSTS.Common.Priority": 2.0,
        "System.BoardLane": null,
        "System.Tags": null,
        "Microsoft.VSTS.TCM.Steps": null,
        "Microsoft.VSTS.TCM.Parameters": null,
        "Microsoft.VSTS.TCM.LocalDataSource": null,
        "Microsoft.VSTS.TCM.AutomationStatus": null,
        "System.History": null
      },
      "relations": null,
      "url": "https://dev.azure.com/handson-lab/_apis/wit/workItems/365"
    }
  ],
  "HttpStatusCode": 0,
  "Message": null
}