{
  "count": 8,
  "value": [
    {
      "id": 285,
      "rev": 1,
      "fields": {
        "System.AreaPath": "test",
        "System.TeamProject": "test",
        "System.IterationPath": "test",
        "System.WorkItemType": "Task",
        "System.State": "Done",
        "System.Reason": "Work finished",
        "System.CreatedDate": "2022-03-17T10:13:43.797Z",
        "System.CreatedBy": "Kyokutou In <msworkadmin@msworkdomain.onmicrosoft.com>",
        "System.ChangedDate": "2022-03-17T10:13:43.797Z",
        "System.ChangedBy": "Kyokutou In <msworkadmin@msworkdomain.onmicrosoft.com>",
        "System.Title": "Update settings for reminders",
        "Microsoft.VSTS.Scheduling.Effort": 0.0,
        "System.Description": "Update settings for reminders",
        "System.AssignedTo": "Kyokutou In <msworkadmin@msworkdomain.onmicrosoft.com>",
        "Microsoft.VSTS.Scheduling.RemainingWork": 0.0,
        "Microsoft.VSTS.Common.Priority": 2.0,
        "System.BoardLane": null,
        "System.Tags": null,
        "Microsoft.VSTS.TCM.Steps": null,
        "Microsoft.VSTS.TCM.Parameters": null,
        "Microsoft.VSTS.TCM.LocalDataSource": null,
        "Microsoft.VSTS.TCM.AutomationStatus": null,
        "System.History": null
      },
      "relations": null,
      "url": "https://dev.azure.com/handson-lab/_apis/wit/workItems/285"
    },
    {
      "id": 286,
      "rev": 1,
      "fields": {
        "System.AreaPath": "test",
        "System.TeamProject": "test",
        "System.IterationPath": "$ProjectName$\\Sprint 1",
        "System.WorkItemType": "Task",
        "System.State": "Done",
        "System.Reason": "Work finished",
        "System.CreatedDate": "2022-03-17T10:13:44.073Z",
        "System.CreatedBy": "Kyokutou In <msworkadmin@msworkdomain.onmicrosoft.com>",
        "System.ChangedDate": "2022-03-17T10:13:44.073Z",
        "System.ChangedBy": "Kyokutou In <msworkadmin@msworkdomain.onmicrosoft.com>",
        "System.Title": "Display upcoming appointments",
        "Microsoft.VSTS.Scheduling.Effort": 0.0,
        "System.Description": "Display upcoming appointments",
        "System.AssignedTo": "Kyokutou In <msworkadmin@msworkdomain.onmicrosoft.com>",
        "Microsoft.VSTS.Scheduling.RemainingWork": 0.0,
        "Microsoft.VSTS.Common.Priority": 2.0,
        "System.BoardLane": null,
        "System.Tags": null,
        "Microsoft.VSTS.TCM.Steps": null,
        "Microsoft.VSTS.TCM.Parameters": null,
        "Microsoft.VSTS.TCM.LocalDataSource": null,
        "Microsoft.VSTS.TCM.AutomationStatus": null,
        "System.History": null
      },
      "relations": null,
      "url": "https://dev.azure.com/handson-lab/_apis/wit/workItems/286"
    },
    {
      "id": 287,
      "rev": 1,
      "fields": {
        "System.AreaPath": "test",
        "System.TeamProject": "test",
        "System.IterationPath": "$ProjectName$\\Sprint 1",
        "System.WorkItemType": "Task",
        "System.State": "Done",
        "System.Reason": "Work finished",
        "System.CreatedDate": "2022-03-17T10:13:44.36Z",
        "System.CreatedBy": "Kyokutou In <msworkadmin@msworkdomain.onmicrosoft.com>",
        "System.ChangedDate": "2022-03-17T10:13:44.36Z",
        "System.ChangedBy": "Kyokutou In <msworkadmin@msworkdomain.onmicrosoft.com>",
        "System.Title": "Design screen layout",
        "Microsoft.VSTS.Scheduling.Effort": 0.0,
        "System.Description": "Design screen layout",
        "System.AssignedTo": "Kyokutou In <msworkadmin@msworkdomain.onmicrosoft.com>",
        "Microsoft.VSTS.Scheduling.RemainingWork": 0.0,
        "Microsoft.VSTS.Common.Priority": 2.0,
        "System.BoardLane": null,
        "System.Tags": null,
        "Microsoft.VSTS.TCM.Steps": null,
        "Microsoft.VSTS.TCM.Parameters": null,
        "Microsoft.VSTS.TCM.LocalDataSource": null,
        "Microsoft.VSTS.TCM.AutomationStatus": null,
        "System.History": null
      },
      "relations": null,
      "url": "https://dev.azure.com/handson-lab/_apis/wit/workItems/287"
    },
    {
      "id": 288,
      "rev": 1,
      "fields": {
        "System.AreaPath": "test",
        "System.TeamProject": "test",
        "System.IterationPath": "$ProjectName$\\Sprint 1",
        "System.WorkItemType": "Task",
        "System.State": "Done",
        "System.Reason": "Work finished",
        "System.CreatedDate": "2022-03-17T10:13:45.223Z",
        "System.CreatedBy": "Kyokutou In <msworkadmin@msworkdomain.onmicrosoft.com>",
        "System.ChangedDate": "2022-03-17T10:13:45.223Z",
        "System.ChangedBy": "Kyokutou In <msworkadmin@msworkdomain.onmicrosoft.com>",
        "System.Title": "Cancel Appointment",
        "Microsoft.VSTS.Scheduling.Effort": 0.0,
        "System.Description": "Cancel Appointment",
        "System.AssignedTo": "Kyokutou In <msworkadmin@msworkdomain.onmicrosoft.com>",
        "Microsoft.VSTS.Scheduling.RemainingWork": 0.0,
        "Microsoft.VSTS.Common.Priority": 2.0,
        "System.BoardLane": null,
        "System.Tags": null,
        "Microsoft.VSTS.TCM.Steps": null,
        "Microsoft.VSTS.TCM.Parameters": null,
        "Microsoft.VSTS.TCM.LocalDataSource": null,
        "Microsoft.VSTS.TCM.AutomationStatus": null,
        "System.History": null
      },
      "relations": null,
      "url": "https://dev.azure.com/handson-lab/_apis/wit/workItems/288"
    },
    {
      "id": 289,
      "rev": 1,
      "fields": {
        "System.AreaPath": "test",
        "System.TeamProject": "test",
        "System.IterationPath": "$ProjectName$\\Sprint 1",
        "System.WorkItemType": "Task",
        "System.State": "Done",
        "System.Reason": "Work finished",
        "System.CreatedDate": "2022-03-17T10:13:45.517Z",
        "System.CreatedBy": "Kyokutou In <msworkadmin@msworkdomain.onmicrosoft.com>",
        "System.ChangedDate": "2022-03-17T10:13:45.517Z",
        "System.ChangedBy": "Kyokutou In <msworkadmin@msworkdomain.onmicrosoft.com>",
        "System.Title": "Update insurance provider details",
        "Microsoft.VSTS.Scheduling.Effort": 0.0,
        "System.Description": "Update insurance provider details",
        "System.AssignedTo": "Kyokutou In <msworkadmin@msworkdomain.onmicrosoft.com>",
        "Microsoft.VSTS.Scheduling.RemainingWork": 0.0,
        "Microsoft.VSTS.Common.Priority": 2.0,
        "System.BoardLane": null,
        "System.Tags": null,
        "Microsoft.VSTS.TCM.Steps": null,
        "Microsoft.VSTS.TCM.Parameters": null,
        "Microsoft.VSTS.TCM.LocalDataSource": null,
        "Microsoft.VSTS.TCM.AutomationStatus": null,
        "System.History": null
      },
      "relations": null,
      "url": "https://dev.azure.com/handson-lab/_apis/wit/workItems/289"
    },
    {
      "id": 290,
      "rev": 1,
      "fields": {
        "System.AreaPath": "test",
        "System.TeamProject": "test",
        "System.IterationPath": "$ProjectName$\\Sprint 1",
        "System.WorkItemType": "Task",
        "System.State": "Done",
        "System.Reason": "Work finished",
        "System.CreatedDate": "2022-03-17T10:13:45.793Z",
        "System.CreatedBy": "Kyokutou In <msworkadmin@msworkdomain.onmicrosoft.com>",
        "System.ChangedDate": "2022-03-17T10:13:45.793Z",
        "System.ChangedBy": "Kyokutou In <msworkadmin@msworkdomain.onmicrosoft.com>",
        "System.Title": "Update patient details",
        "Microsoft.VSTS.Scheduling.Effort": 0.0,
        "System.Description": "Update patient details",
        "System.AssignedTo": "Kyokutou In <msworkadmin@msworkdomain.onmicrosoft.com>",
        "Microsoft.VSTS.Scheduling.RemainingWork": 0.0,
        "Microsoft.VSTS.Common.Priority": 2.0,
        "System.BoardLane": null,
        "System.Tags": null,
        "Microsoft.VSTS.TCM.Steps": null,
        "Microsoft.VSTS.TCM.Parameters": null,
        "Microsoft.VSTS.TCM.LocalDataSource": null,
        "Microsoft.VSTS.TCM.AutomationStatus": null,
        "System.History": null
      },
      "relations": null,
      "url": "https://dev.azure.com/handson-lab/_apis/wit/workItems/290"
    },
    {
      "id": 291,
      "rev": 1,
      "fields": {
        "System.AreaPath": "test",
        "System.TeamProject": "test",
        "System.IterationPath": "$ProjectName$\\Sprint 1",
        "System.WorkItemType": "Task",
        "System.State": "Done",
        "System.Reason": "Work finished",
        "System.CreatedDate": "2022-03-17T10:13:46.07Z",
        "System.CreatedBy": "Kyokutou In <msworkadmin@msworkdomain.onmicrosoft.com>",
        "System.ChangedDate": "2022-03-17T10:13:46.07Z",
        "System.ChangedBy": "Kyokutou In <msworkadmin@msworkdomain.onmicrosoft.com>",
        "System.Title": "Add recurring option in new appointment",
        "Microsoft.VSTS.Scheduling.Effort": 0.0,
        "System.Description": "Form - New Appointment",
        "System.AssignedTo": "Kyokutou In <msworkadmin@msworkdomain.onmicrosoft.com>",
        "Microsoft.VSTS.Scheduling.RemainingWork": 0.0,
        "Microsoft.VSTS.Common.Priority": 2.0,
        "System.BoardLane": null,
        "System.Tags": null,
        "Microsoft.VSTS.TCM.Steps": null,
        "Microsoft.VSTS.TCM.Parameters": null,
        "Microsoft.VSTS.TCM.LocalDataSource": null,
        "Microsoft.VSTS.TCM.AutomationStatus": null,
        "System.History": null
      },
      "relations": null,
      "url": "https://dev.azure.com/handson-lab/_apis/wit/workItems/291"
    },
    {
      "id": 292,
      "rev": 1,
      "fields": {
        "System.AreaPath": "test",
        "System.TeamProject": "test",
        "System.IterationPath": "$ProjectName$\\Sprint 1",
        "System.WorkItemType": "Task",
        "System.State": "Done",
        "System.Reason": "Work finished",
        "System.CreatedDate": "2022-03-17T10:13:46.363Z",
        "System.CreatedBy": "Kyokutou In <msworkadmin@msworkdomain.onmicrosoft.com>",
        "System.ChangedDate": "2022-03-17T10:13:46.363Z",
        "System.ChangedBy": "Kyokutou In <msworkadmin@msworkdomain.onmicrosoft.com>",
        "System.Title": "Navigation menu update",
        "Microsoft.VSTS.Scheduling.Effort": 0.0,
        "System.Description": "Navigation menu update",
        "System.AssignedTo": "Kyokutou In <msworkadmin@msworkdomain.onmicrosoft.com>",
        "Microsoft.VSTS.Scheduling.RemainingWork": 0.0,
        "Microsoft.VSTS.Common.Priority": 2.0,
        "System.BoardLane": null,
        "System.Tags": null,
        "Microsoft.VSTS.TCM.Steps": null,
        "Microsoft.VSTS.TCM.Parameters": null,
        "Microsoft.VSTS.TCM.LocalDataSource": null,
        "Microsoft.VSTS.TCM.AutomationStatus": null,
        "System.History": null
      },
      "relations": null,
      "url": "https://dev.azure.com/handson-lab/_apis/wit/workItems/292"
    }
  ],
  "HttpStatusCode": 0,
  "Message": null
}